{"stats":{"minecraft:picked_up":{"minecraft:dirt":2},"minecraft:mined":{"minecraft:grass_block":2},"minecraft:custom":{"minecraft:jump":33,"minecraft:time_since_rest":3429,"minecraft:damage_taken":140,"minecraft:interact_with_furnace":1,"minecraft:play_time":3429,"minecraft:leave_game":4,"minecraft:sprint_one_cm":13365,"minecraft:walk_on_water_one_cm":805,"minecraft:time_since_death":3429,"minecraft:walk_one_cm":7567,"minecraft:total_world_time":3429,"minecraft:fall_one_cm":209,"minecraft:fly_one_cm":2984},"minecraft:used":{"minecraft:dirt":2}},"DataVersion":3953}