{"stats":{"minecraft:killed":{"minecraft:pig":1,"minecraft:spider":1,"minecraft:bat":1,"minecraft:sheep":10,"minecraft:skeleton":7,"minecraft:zombie":5,"minecraft:chicken":2,"minecraft:cow":6},"minecraft:picked_up":{"minecraft:crafting_table":3,"minecraft:feather":3,"minecraft:chicken":2,"minecraft:brown_wool":1,"minecraft:leather":6,"minecraft:oak_log":28,"minecraft:string":1,"minecraft:bone":7,"minecraft:bow":2,"minecraft:cobbled_deepslate":16,"minecraft:beef":8,"minecraft:birch_sapling":1,"minecraft:furnace":2,"minecraft:raw_iron":52,"minecraft:torch":4,"minecraft:porkchop":2,"minecraft:diorite":2,"minecraft:white_bed":1,"minecraft:redstone":10,"minecraft:arrow":6,"minecraft:rotten_flesh":4,"minecraft:diamond":5,"minecraft:granite":20,"minecraft:oak_sapling":5,"minecraft:coal":97,"minecraft:mutton":13,"minecraft:white_wool":8,"minecraft:cobblestone":71},"minecraft:killed_by":{"minecraft:player":1},"minecraft:mined":{"minecraft:deepslate_redstone_ore":2,"minecraft:white_bed":1,"minecraft:deepslate_diamond_ore":5,"minecraft:crafting_table":3,"minecraft:granite":20,"minecraft:short_grass":2,"minecraft:cobblestone":1,"minecraft:diorite":2,"minecraft:wall_torch":3,"minecraft:furnace":2,"minecraft:iron_ore":51,"minecraft:birch_leaves":2,"minecraft:coal_ore":49,"minecraft:oak_log":30,"minecraft:deepslate_iron_ore":1,"minecraft:stone":74,"minecraft:deepslate":16,"minecraft:oak_leaves":27},"minecraft:broken":{"minecraft:golden_axe":1},"minecraft:custom":{"minecraft:interact_with_furnace":23,"minecraft:mob_kills":36,"minecraft:interact_with_crafting_table":19,"minecraft:leave_game":1,"minecraft:time_since_death":4474,"minecraft:sleep_in_bed":1,"minecraft:time_since_rest":4593,"minecraft:sprint_one_cm":65729,"minecraft:damage_taken":1805,"minecraft:walk_one_cm":152734,"minecraft:damage_blocked_by_shield":1794,"minecraft:damage_dealt":4393,"minecraft:swim_one_cm":37265,"minecraft:fly_one_cm":23928,"minecraft:open_chest":1,"minecraft:crouch_one_cm":11993,"minecraft:play_time":73483,"minecraft:deaths":2,"minecraft:sneak_time":5496,"minecraft:walk_under_water_one_cm":13306,"minecraft:boat_one_cm":314470,"minecraft:jump":673,"minecraft:walk_on_water_one_cm":18673,"minecraft:total_world_time":73483,"minecraft:fall_one_cm":11229},"minecraft:used":{"minecraft:cooked_mutton":5,"minecraft:diorite":2,"minecraft:stone_sword":50,"minecraft:stone_pickaxe":80,"minecraft:oak_planks":44,"minecraft:shield":37,"minecraft:wooden_pickaxe":27,"minecraft:iron_sword":85,"minecraft:torch":87,"minecraft:crafting_table":4,"minecraft:white_bed":1,"minecraft:granite":20,"minecraft:oak_log":3,"minecraft:iron_pickaxe":121,"minecraft:stone_axe":18,"minecraft:cobblestone":30,"minecraft:furnace":3,"minecraft:porkchop":2,"minecraft:oak_boat":1,"minecraft:cooked_beef":8,"minecraft:cobbled_deepslate":6,"minecraft:golden_axe":43},"minecraft:crafted":{"minecraft:cooked_beef":8,"minecraft:oak_planks":92,"minecraft:diamond_sword":1,"minecraft:crafting_table":2,"minecraft:wooden_pickaxe":1,"minecraft:iron_helmet":1,"minecraft:iron_sword":1,"minecraft:furnace":4,"minecraft:stone_axe":1,"minecraft:cooked_mutton":13,"minecraft:oak_boat":1,"minecraft:iron_chestplate":1,"minecraft:shield":1,"minecraft:stick":44,"minecraft:iron_ingot":29,"minecraft:iron_pickaxe":1,"minecraft:stone_pickaxe":1,"minecraft:stone_sword":1,"minecraft:iron_leggings":1,"minecraft:white_bed":1,"minecraft:torch":88}},"DataVersion":3953}