{"stats":{"minecraft:killed":{"minecraft:salmon":1,"minecraft:spider":1,"minecraft:zombie":5},"minecraft:picked_up":{"minecraft:charcoal":12,"minecraft:iron_chestplate":6,"minecraft:crafting_table":3,"minecraft:wheat":4,"minecraft:andesite":3,"minecraft:water_bucket":1,"minecraft:salmon":1,"minecraft:leather":6,"minecraft:wooden_pickaxe":1,"minecraft:potato":92,"minecraft:oak_log":30,"minecraft:wooden_hoe":4,"minecraft:dirt":19,"minecraft:string":3,"minecraft:iron_axe":1,"minecraft:cooked_mutton":4,"minecraft:apple":1,"minecraft:wheat_seeds":138,"minecraft:raw_gold":12,"minecraft:bucket":5,"minecraft:iron_ingot":6,"minecraft:stone_pickaxe":7,"minecraft:cobblestone_slab":407,"minecraft:iron_pickaxe":5,"minecraft:oak_planks":290,"minecraft:egg":2,"minecraft:iron_boots":1,"minecraft:furnace":2,"minecraft:stick":63,"minecraft:raw_iron":36,"minecraft:cooked_porkchop":2,"minecraft:oak_fence":18,"minecraft:torch":2,"minecraft:gravel":2,"minecraft:porkchop":6,"minecraft:carrot":45,"minecraft:spider_eye":2,"minecraft:stone_sword":6,"minecraft:rotten_flesh":10,"minecraft:stone_axe":2,"minecraft:gold_ingot":72,"minecraft:oak_sapling":3,"minecraft:coal":146,"minecraft:cobblestone":402},"minecraft:mined":{"minecraft:oak_fence":2,"minecraft:crafting_table":2,"minecraft:short_grass":31,"minecraft:grass_block":2,"minecraft:cobblestone":5,"minecraft:wall_torch":1,"minecraft:furnace":1,"minecraft:iron_ore":22,"minecraft:birch_leaves":3,"minecraft:coal_ore":45,"minecraft:oak_log":32,"minecraft:cobblestone_slab":13,"minecraft:stone":77,"minecraft:oak_leaves":24},"minecraft:killed_by":{"minecraft:player":4,"minecraft:skeleton":3,"minecraft:zombie":2},"minecraft:custom":{"minecraft:interact_with_furnace":23,"minecraft:mob_kills":7,"minecraft:interact_with_crafting_table":26,"minecraft:leave_game":10,"minecraft:time_since_death":3423,"minecraft:time_since_rest":3542,"minecraft:sprint_one_cm":207654,"minecraft:damage_taken":3151,"minecraft:walk_one_cm":239649,"minecraft:drop":8,"minecraft:damage_dealt":1846,"minecraft:swim_one_cm":21427,"minecraft:fly_one_cm":84688,"minecraft:crouch_one_cm":8356,"minecraft:play_time":94700,"minecraft:deaths":10,"minecraft:sneak_time":4261,"minecraft:walk_under_water_one_cm":13238,"minecraft:boat_one_cm":145304,"minecraft:jump":1012,"minecraft:walk_on_water_one_cm":2785,"minecraft:total_world_time":94700,"minecraft:fall_one_cm":22894},"minecraft:used":{"minecraft:oak_fence":9,"minecraft:wheat_seeds":4,"minecraft:water_bucket":1,"minecraft:stone_sword":63,"minecraft:stone_pickaxe":118,"minecraft:wooden_pickaxe":3,"minecraft:cobblestone_slab":119,"minecraft:cooked_salmon":1,"minecraft:rotten_flesh":4,"minecraft:torch":13,"minecraft:crafting_table":3,"minecraft:wooden_hoe":11,"minecraft:apple":1,"minecraft:iron_axe":5,"minecraft:iron_pickaxe":48,"minecraft:stone_axe":42,"minecraft:cobblestone":29,"minecraft:furnace":2,"minecraft:cooked_porkchop":5,"minecraft:bucket":1,"minecraft:egg":2,"minecraft:potato":2},"minecraft:dropped":{"minecraft:gravel":2,"minecraft:wheat_seeds":1,"minecraft:iron_boots":1,"minecraft:leather":1,"minecraft:cooked_mutton":4,"minecraft:andesite":3,"minecraft:wooden_pickaxe":1,"minecraft:iron_pickaxe":1},"minecraft:crafted":{"minecraft:oak_planks":120,"minecraft:cobblestone_slab":90,"minecraft:cooked_porkchop":6,"minecraft:crafting_table":1,"minecraft:wooden_pickaxe":1,"minecraft:furnace":1,"minecraft:cooked_salmon":1,"minecraft:stone_axe":1,"minecraft:iron_chestplate":2,"minecraft:wooden_hoe":3,"minecraft:stick":32,"minecraft:iron_ingot":30,"minecraft:iron_pickaxe":1,"minecraft:stone_pickaxe":1,"minecraft:stone_sword":2,"minecraft:gold_ingot":12,"minecraft:torch":24,"minecraft:oak_fence":15}},"DataVersion":3953}