{"stats":{"minecraft:killed":{"minecraft:skeleton":1,"minecraft:sheep":1,"minecraft:zombie":3},"minecraft:picked_up":{"minecraft:cocoa_beans":3,"minecraft:charcoal":4,"minecraft:crafting_table":5,"minecraft:jungle_log":39,"minecraft:andesite":1,"minecraft:oak_log":8,"minecraft:shield":1,"minecraft:dirt":30,"minecraft:apple":1,"minecraft:wheat_seeds":8,"minecraft:cobbled_deepslate":4,"minecraft:iron_ingot":3,"minecraft:stone_pickaxe":1,"minecraft:bamboo":24,"minecraft:melon_slice":133,"minecraft:oak_planks":2,"minecraft:furnace":3,"minecraft:stick":2,"minecraft:raw_iron":16,"minecraft:jungle_door":12,"minecraft:torch":7,"minecraft:dandelion":1,"minecraft:stone_sword":1,"minecraft:rotten_flesh":5,"minecraft:diamond":4,"minecraft:oak_sapling":2,"minecraft:mutton":2,"minecraft:coal":54,"minecraft:white_wool":2,"minecraft:cobblestone":166},"minecraft:killed_by":{"minecraft:player":1,"minecraft:skeleton":1,"minecraft:spider":1,"minecraft:zombie":1,"minecraft:enderman":1},"minecraft:mined":{"minecraft:jungle_door":10,"minecraft:deepslate_diamond_ore":4,"minecraft:jungle_leaves":6,"minecraft:dandelion":1,"minecraft:crafting_table":5,"minecraft:short_grass":14,"minecraft:grass_block":5,"minecraft:melon":19,"minecraft:jungle_log":33,"minecraft:magma_block":1,"minecraft:furnace":2,"minecraft:iron_ore":16,"minecraft:andesite":1,"minecraft:oak_log":5,"minecraft:coal_ore":48,"minecraft:vine":13,"minecraft:cocoa":1,"minecraft:dirt":11,"minecraft:bamboo":2,"minecraft:stone":127,"minecraft:oak_leaves":11,"minecraft:deepslate":4,"minecraft:fern":4},"minecraft:broken":{"minecraft:stone_pickaxe":1},"minecraft:custom":{"minecraft:interact_with_furnace":19,"minecraft:mob_kills":5,"minecraft:interact_with_crafting_table":21,"minecraft:leave_game":11,"minecraft:time_since_death":0,"minecraft:climb_one_cm":12674,"minecraft:time_since_rest":119,"minecraft:sprint_one_cm":108188,"minecraft:damage_taken":2197,"minecraft:walk_one_cm":131127,"minecraft:damage_blocked_by_shield":195,"minecraft:drop":6,"minecraft:damage_dealt":1054,"minecraft:swim_one_cm":51646,"minecraft:fly_one_cm":63972,"minecraft:player_kills":1,"minecraft:open_chest":3,"minecraft:crouch_one_cm":12652,"minecraft:play_time":97754,"minecraft:deaths":6,"minecraft:sneak_time":15056,"minecraft:walk_under_water_one_cm":65370,"minecraft:jump":932,"minecraft:walk_on_water_one_cm":24229,"minecraft:total_world_time":97754,"minecraft:fall_one_cm":12618},"minecraft:dropped":{"minecraft:wheat_seeds":1,"minecraft:cocoa_beans":3,"minecraft:rotten_flesh":1,"minecraft:torch":4,"minecraft:melon_slice":17},"minecraft:used":{"minecraft:cooked_mutton":2,"minecraft:stone_sword":40,"minecraft:stone_pickaxe":159,"minecraft:wooden_pickaxe":39,"minecraft:shield":5,"minecraft:rotten_flesh":4,"minecraft:iron_chestplate":1,"minecraft:torch":18,"minecraft:dirt":11,"minecraft:crafting_table":5,"minecraft:apple":1,"minecraft:melon_slice":29,"minecraft:iron_pickaxe":5,"minecraft:bamboo":11,"minecraft:stone_axe":38,"minecraft:cobblestone":22,"minecraft:furnace":3,"minecraft:jungle_door":14,"minecraft:cobbled_deepslate":1},"minecraft:crafted":{"minecraft:oak_planks":20,"minecraft:crafting_table":1,"minecraft:wooden_pickaxe":1,"minecraft:furnace":2,"minecraft:stone_axe":2,"minecraft:cooked_mutton":2,"minecraft:jungle_planks":24,"minecraft:jungle_door":3,"minecraft:iron_chestplate":1,"minecraft:charcoal":8,"minecraft:shield":2,"minecraft:stick":18,"minecraft:iron_ingot":16,"minecraft:iron_pickaxe":1,"minecraft:stone_pickaxe":2,"minecraft:stone_sword":1,"minecraft:torch":28}},"DataVersion":3953}