{"stats":{"minecraft:killed":{"minecraft:spider":2,"minecraft:skeleton":5,"minecraft:sheep":4,"minecraft:zombie":3},"minecraft:picked_up":{"minecraft:birch_log":24,"minecraft:iron_chestplate":1,"minecraft:crafting_table":9,"minecraft:wheat":2,"minecraft:leather":2,"minecraft:wooden_pickaxe":3,"minecraft:smoker":1,"minecraft:oak_stairs":1,"minecraft:tuff":5,"minecraft:oak_log":32,"minecraft:shield":2,"minecraft:lapis_lazuli":58,"minecraft:dirt":9,"minecraft:string":5,"minecraft:raw_copper":5,"minecraft:iron_leggings":1,"minecraft:cooked_mutton":9,"minecraft:bone":1,"minecraft:apple":2,"minecraft:wheat_seeds":2,"minecraft:cobbled_deepslate":43,"minecraft:raw_gold":6,"minecraft:bucket":2,"minecraft:iron_ingot":18,"minecraft:stone_pickaxe":1,"minecraft:cobblestone_slab":62,"minecraft:poppy":1,"minecraft:iron_pickaxe":5,"minecraft:light_gray_wool":1,"minecraft:iron_sword":1,"minecraft:oak_planks":37,"minecraft:iron_boots":2,"minecraft:furnace":6,"minecraft:stick":10,"minecraft:raw_iron":41,"minecraft:cooked_porkchop":1,"minecraft:oak_door":3,"minecraft:torch":21,"minecraft:porkchop":3,"minecraft:diorite":1,"minecraft:white_bed":1,"minecraft:spider_eye":3,"minecraft:stone_sword":1,"minecraft:arrow":6,"minecraft:rotten_flesh":10,"minecraft:diamond":5,"minecraft:iron_helmet":2,"minecraft:granite":4,"minecraft:gray_wool":1,"minecraft:saddle":1,"minecraft:gold_ingot":12,"minecraft:oak_sapling":11,"minecraft:black_wool":2,"minecraft:mutton":6,"minecraft:coal":153,"minecraft:white_wool":3,"minecraft:cobblestone":213},"minecraft:killed_by":{"minecraft:skeleton":1},"minecraft:mined":{"minecraft:tuff":2,"minecraft:white_bed":1,"minecraft:deepslate_diamond_ore":3,"minecraft:oak_door":1,"minecraft:dandelion":1,"minecraft:crafting_table":7,"minecraft:torch":1,"minecraft:granite":4,"minecraft:short_grass":8,"minecraft:grass_block":1,"minecraft:poppy":1,"minecraft:cobblestone":2,"minecraft:copper_ore":1,"minecraft:lapis_ore":1,"minecraft:deepslate_gold_ore":6,"minecraft:diorite":1,"minecraft:wall_torch":3,"minecraft:furnace":5,"minecraft:iron_ore":31,"minecraft:cobbled_deepslate":1,"minecraft:birch_leaves":1,"minecraft:coal_ore":78,"minecraft:oak_log":25,"minecraft:deepslate_iron_ore":1,"minecraft:oak_stairs":1,"minecraft:stone":177,"minecraft:oak_leaves":20,"minecraft:deepslate":24},"minecraft:broken":{"minecraft:wooden_pickaxe":1},"minecraft:custom":{"minecraft:interact_with_furnace":24,"minecraft:mob_kills":14,"minecraft:interact_with_crafting_table":27,"minecraft:leave_game":8,"minecraft:time_since_death":61679,"minecraft:sleep_in_bed":3,"minecraft:time_since_rest":785,"minecraft:sprint_one_cm":125937,"minecraft:damage_taken":1529,"minecraft:walk_one_cm":174546,"minecraft:damage_blocked_by_shield":661,"minecraft:drop":22,"minecraft:damage_dealt":3125,"minecraft:swim_one_cm":10908,"minecraft:fly_one_cm":80681,"minecraft:player_kills":2,"minecraft:open_chest":2,"minecraft:crouch_one_cm":38586,"minecraft:play_time":136695,"minecraft:deaths":2,"minecraft:sneak_time":42044,"minecraft:walk_under_water_one_cm":7492,"minecraft:jump":888,"minecraft:walk_on_water_one_cm":27674,"minecraft:total_world_time":136695,"minecraft:interact_with_smoker":5,"minecraft:fall_one_cm":12196,"minecraft:horse_one_cm":4116},"minecraft:used":{"minecraft:cooked_mutton":5,"minecraft:stone_sword":34,"minecraft:stone_pickaxe":123,"minecraft:shield":12,"minecraft:wooden_pickaxe":77,"minecraft:iron_sword":57,"minecraft:rotten_flesh":8,"minecraft:oak_door":1,"minecraft:iron_chestplate":1,"minecraft:torch":90,"minecraft:crafting_table":6,"minecraft:white_bed":1,"minecraft:tuff":4,"minecraft:smoker":2,"minecraft:black_wool":1,"minecraft:apple":2,"minecraft:iron_pickaxe":151,"minecraft:iron_helmet":1,"minecraft:stone_axe":4,"minecraft:cobblestone":22,"minecraft:furnace":4,"minecraft:cooked_porkchop":7,"minecraft:bucket":1,"minecraft:iron_leggings":1},"minecraft:dropped":{"minecraft:iron_ingot":12,"minecraft:stone_sword":1,"minecraft:raw_copper":5,"minecraft:cobblestone":64,"minecraft:oak_planks":36,"minecraft:leather":1,"minecraft:saddle":1,"minecraft:stick":11,"minecraft:cobblestone_slab":62,"minecraft:torch":1,"minecraft:iron_chestplate":1,"minecraft:charcoal":4,"minecraft:stone_pickaxe":1,"minecraft:wooden_pickaxe":2,"minecraft:iron_pickaxe":3,"minecraft:bucket":2,"minecraft:gold_ingot":12},"minecraft:crafted":{"minecraft:oak_planks":40,"minecraft:cooked_porkchop":9,"minecraft:crafting_table":1,"minecraft:iron_helmet":1,"minecraft:wooden_pickaxe":2,"minecraft:iron_sword":2,"minecraft:furnace":1,"minecraft:bucket":1,"minecraft:birch_planks":4,"minecraft:stone_axe":1,"minecraft:iron_chestplate":1,"minecraft:charcoal":6,"minecraft:shield":1,"minecraft:stick":44,"minecraft:iron_ingot":41,"minecraft:iron_pickaxe":1,"minecraft:stone_pickaxe":1,"minecraft:stone_sword":1,"minecraft:iron_leggings":2,"minecraft:torch":104,"minecraft:smoker":1}},"DataVersion":3953}