{"stats":{"minecraft:killed":{"minecraft:skeleton":1,"minecraft:sheep":1,"minecraft:zombie":3},"minecraft:picked_up":{"minecraft:cocoa_beans":3,"minecraft:charcoal":4,"minecraft:crafting_table":5,"minecraft:jungle_log":33,"minecraft:andesite":1,"minecraft:oak_log":8,"minecraft:shield":1,"minecraft:dirt":30,"minecraft:apple":1,"minecraft:wheat_seeds":8,"minecraft:cobbled_deepslate":4,"minecraft:iron_ingot":3,"minecraft:stone_pickaxe":1,"minecraft:bamboo":24,"minecraft:melon_slice":70,"minecraft:oak_planks":2,"minecraft:furnace":3,"minecraft:stick":2,"minecraft:raw_iron":16,"minecraft:jungle_door":11,"minecraft:torch":6,"minecraft:stone_sword":1,"minecraft:rotten_flesh":5,"minecraft:diamond":4,"minecraft:oak_sapling":2,"minecraft:mutton":2,"minecraft:coal":54,"minecraft:white_wool":2,"minecraft:cobblestone":166},"minecraft:killed_by":{"minecraft:player":1,"minecraft:spider":1,"minecraft:zombie":1,"minecraft:enderman":1},"minecraft:mined":{"minecraft:jungle_door":9,"minecraft:deepslate_diamond_ore":4,"minecraft:jungle_leaves":3,"minecraft:crafting_table":5,"minecraft:short_grass":8,"minecraft:grass_block":5,"minecraft:melon":7,"minecraft:jungle_log":26,"minecraft:magma_block":1,"minecraft:furnace":2,"minecraft:iron_ore":16,"minecraft:andesite":1,"minecraft:oak_log":5,"minecraft:coal_ore":48,"minecraft:vine":6,"minecraft:cocoa":1,"minecraft:dirt":11,"minecraft:bamboo":2,"minecraft:stone":127,"minecraft:oak_leaves":8,"minecraft:deepslate":4,"minecraft:fern":2},"minecraft:broken":{"minecraft:stone_pickaxe":1},"minecraft:custom":{"minecraft:interact_with_furnace":19,"minecraft:mob_kills":5,"minecraft:interact_with_crafting_table":21,"minecraft:leave_game":7,"minecraft:time_since_death":46799,"minecraft:climb_one_cm":8648,"minecraft:time_since_rest":46875,"minecraft:sprint_one_cm":86464,"minecraft:damage_taken":1621,"minecraft:walk_one_cm":115643,"minecraft:damage_blocked_by_shield":195,"minecraft:drop":6,"minecraft:damage_dealt":1044,"minecraft:swim_one_cm":30596,"minecraft:fly_one_cm":56961,"minecraft:player_kills":1,"minecraft:crouch_one_cm":12652,"minecraft:play_time":83965,"minecraft:deaths":4,"minecraft:sneak_time":14635,"minecraft:walk_under_water_one_cm":33696,"minecraft:jump":777,"minecraft:walk_on_water_one_cm":14684,"minecraft:total_world_time":83965,"minecraft:fall_one_cm":11422},"minecraft:dropped":{"minecraft:wheat_seeds":1,"minecraft:cocoa_beans":3,"minecraft:rotten_flesh":1,"minecraft:torch":4,"minecraft:melon_slice":17},"minecraft:used":{"minecraft:cooked_mutton":2,"minecraft:stone_sword":40,"minecraft:stone_pickaxe":159,"minecraft:wooden_pickaxe":39,"minecraft:shield":5,"minecraft:rotten_flesh":4,"minecraft:iron_chestplate":1,"minecraft:torch":16,"minecraft:dirt":11,"minecraft:crafting_table":5,"minecraft:apple":1,"minecraft:melon_slice":17,"minecraft:iron_pickaxe":5,"minecraft:bamboo":11,"minecraft:stone_axe":37,"minecraft:cobblestone":22,"minecraft:furnace":3,"minecraft:jungle_door":13,"minecraft:cobbled_deepslate":1},"minecraft:crafted":{"minecraft:oak_planks":20,"minecraft:crafting_table":1,"minecraft:wooden_pickaxe":1,"minecraft:furnace":2,"minecraft:stone_axe":2,"minecraft:cooked_mutton":2,"minecraft:jungle_planks":24,"minecraft:jungle_door":3,"minecraft:iron_chestplate":1,"minecraft:charcoal":8,"minecraft:shield":2,"minecraft:stick":18,"minecraft:iron_ingot":16,"minecraft:iron_pickaxe":1,"minecraft:stone_pickaxe":2,"minecraft:stone_sword":1,"minecraft:torch":28}},"DataVersion":3953}