{"stats":{"minecraft:picked_up":{"minecraft:wheat_seeds":2},"minecraft:mined":{"minecraft:short_grass":1},"minecraft:custom":{"minecraft:jump":39,"minecraft:time_since_rest":1807,"minecraft:damage_dealt":10,"minecraft:crouch_one_cm":180,"minecraft:leave_game":1,"minecraft:sprint_one_cm":2515,"minecraft:play_time":1807,"minecraft:damage_taken":10,"minecraft:time_since_death":1807,"minecraft:walk_one_cm":1725,"minecraft:sneak_time":47,"minecraft:total_world_time":1807,"minecraft:drop":1,"minecraft:fall_one_cm":687,"minecraft:fly_one_cm":7630},"minecraft:dropped":{"minecraft:wheat_seeds":1}},"DataVersion":3953}