{"stats":{"minecraft:custom":{"minecraft:jump":58,"minecraft:time_since_rest":6874,"minecraft:crouch_one_cm":441,"minecraft:play_time":6874,"minecraft:leave_game":7,"minecraft:sprint_one_cm":4128,"minecraft:time_since_death":6874,"minecraft:walk_one_cm":2534,"minecraft:sneak_time":291,"minecraft:total_world_time":6874,"minecraft:fall_one_cm":2640,"minecraft:fly_one_cm":8042},"minecraft:picked_up":{"minecraft:birch_log":4},"minecraft:mined":{"minecraft:birch_log":4,"minecraft:birch_leaves":6}},"DataVersion":3953}