{"stats":{"minecraft:killed_by":{"minecraft:player":4,"minecraft:skeleton":1},"minecraft:mined":{"minecraft:kelp_plant":10,"minecraft:jungle_leaves":11,"minecraft:mangrove_roots":4,"minecraft:crafting_table":1,"minecraft:short_grass":37,"minecraft:grass_block":29,"minecraft:melon":9,"minecraft:jungle_planks":2,"minecraft:jungle_log":24,"minecraft:kelp":2,"minecraft:oak_planks":13,"minecraft:seagrass":15,"minecraft:tall_seagrass":7,"minecraft:furnace":1,"minecraft:pumpkin":1,"minecraft:oak_log":66,"minecraft:vine":12,"minecraft:cocoa":6,"minecraft:dirt":6,"minecraft:bamboo":7,"minecraft:stone":73,"minecraft:oak_leaves":45,"minecraft:fern":12},"minecraft:crafted":{"minecraft:oak_planks":188,"minecraft:crafting_table":1,"minecraft:wooden_pickaxe":2,"minecraft:stone_axe":2,"minecraft:cooked_mutton":10,"minecraft:jungle_planks":20,"minecraft:wooden_hoe":1,"minecraft:charcoal":3,"minecraft:stick":19,"minecraft:stone_pickaxe":3,"minecraft:wooden_axe":1,"minecraft:stone_sword":2,"minecraft:torch":8},"minecraft:custom":{"minecraft:interact_with_furnace":10,"minecraft:mob_kills":3,"minecraft:interact_with_crafting_table":21,"minecraft:leave_game":3,"minecraft:time_since_death":0,"minecraft:climb_one_cm":7570,"minecraft:time_since_rest":898,"minecraft:sprint_one_cm":144840,"minecraft:damage_taken":1994,"minecraft:walk_one_cm":169244,"minecraft:damage_dealt":818,"minecraft:swim_one_cm":32012,"minecraft:fly_one_cm":58291,"minecraft:crouch_one_cm":3069,"minecraft:play_time":79408,"minecraft:deaths":6,"minecraft:sneak_time":2176,"minecraft:walk_under_water_one_cm":7691,"minecraft:jump":697,"minecraft:walk_on_water_one_cm":10750,"minecraft:total_world_time":79408,"minecraft:fall_one_cm":14995},"minecraft:picked_up":{"minecraft:cocoa_beans":21,"minecraft:crafting_table":1,"minecraft:jungle_log":22,"minecraft:oak_log":61,"minecraft:dirt":75,"minecraft:apple":1,"minecraft:kelp":2,"minecraft:wheat_seeds":7,"minecraft:bamboo":73,"minecraft:melon_slice":101,"minecraft:oak_planks":15,"minecraft:furnace":1,"minecraft:stick":5,"minecraft:pumpkin":2,"minecraft:torch":4,"minecraft:sand":1,"minecraft:jungle_planks":2,"minecraft:rotten_flesh":6,"minecraft:mangrove_roots":3,"minecraft:oak_sapling":5,"minecraft:cobblestone":72},"minecraft:killed":{"minecraft:zombie":2},"minecraft:broken":{"minecraft:wooden_axe":1},"minecraft:used":{"minecraft:wheat_seeds":4,"minecraft:stone_sword":15,"minecraft:stone_pickaxe":35,"minecraft:oak_planks":120,"minecraft:wooden_pickaxe":44,"minecraft:rotten_flesh":2,"minecraft:torch":8,"minecraft:dirt":41,"minecraft:crafting_table":2,"minecraft:oak_log":2,"minecraft:wooden_axe":59,"minecraft:wooden_hoe":6,"minecraft:apple":1,"minecraft:melon_slice":31,"minecraft:stone_axe":98,"minecraft:oak_sapling":4,"minecraft:furnace":1}},"DataVersion":3953}