{"stats":{"minecraft:picked_up":{"minecraft:oak_log":5,"minecraft:dirt":4,"minecraft:cobblestone":43},"minecraft:mined":{"minecraft:grass_block":2,"minecraft:oak_log":5,"minecraft:dirt":2,"minecraft:stone":45},"minecraft:custom":{"minecraft:time_since_rest":6769,"minecraft:sprint_one_cm":14923,"minecraft:interact_with_furnace":1,"minecraft:play_time":6769,"minecraft:damage_taken":140,"minecraft:walk_one_cm":18276,"minecraft:jump":41,"minecraft:time_since_death":6769,"minecraft:leave_game":5,"minecraft:walk_on_water_one_cm":805,"minecraft:total_world_time":6769,"minecraft:interact_with_crafting_table":4,"minecraft:fall_one_cm":209,"minecraft:fly_one_cm":3140},"minecraft:used":{"minecraft:dirt":2,"minecraft:crafting_table":1,"minecraft:stone_pickaxe":42,"minecraft:oak_planks":1,"minecraft:wooden_pickaxe":3},"minecraft:crafted":{"minecraft:stone_sword":1,"minecraft:oak_planks":12,"minecraft:stone_axe":1,"minecraft:crafting_table":1,"minecraft:stick":8,"minecraft:stone_pickaxe":1,"minecraft:wooden_pickaxe":1}},"DataVersion":3953}