{"stats":{"minecraft:killed_by":{"minecraft:player":1,"minecraft:creeper":1,"minecraft:zombie":1},"minecraft:dropped":{"minecraft:stick":36,"minecraft:stone_pickaxe":1,"minecraft:acacia_planks":28},"minecraft:mined":{"minecraft:deepslate_redstone_ore":4,"minecraft:tuff":64,"minecraft:white_bed":1,"minecraft:deepslate_diamond_ore":4,"minecraft:obsidian":1,"minecraft:crafting_table":3,"minecraft:torch":3,"minecraft:granite":6,"minecraft:short_grass":3,"minecraft:acacia_log":12,"minecraft:grass_block":3,"minecraft:jungle_planks":2,"minecraft:jungle_log":8,"minecraft:copper_ore":4,"minecraft:cobblestone":3,"minecraft:deepslate_gold_ore":8,"minecraft:diorite":8,"minecraft:wall_torch":17,"minecraft:furnace":2,"minecraft:iron_ore":5,"minecraft:fire":1,"minecraft:cobbled_deepslate":8,"minecraft:andesite":1,"minecraft:coal_ore":14,"minecraft:oak_log":2,"minecraft:deepslate_iron_ore":6,"minecraft:vine":4,"minecraft:gravel":10,"minecraft:dirt":6,"minecraft:acacia_planks":1,"minecraft:stone":133,"minecraft:white_wool":2,"minecraft:deepslate":373},"minecraft:custom":{"minecraft:interact_with_furnace":14,"minecraft:mob_kills":9,"minecraft:interact_with_crafting_table":13,"minecraft:leave_game":2,"minecraft:time_since_death":6347,"minecraft:sleep_in_bed":1,"minecraft:climb_one_cm":2366,"minecraft:time_since_rest":6447,"minecraft:sprint_one_cm":82502,"minecraft:damage_taken":1816,"minecraft:walk_one_cm":211212,"minecraft:damage_blocked_by_shield":110,"minecraft:drop":3,"minecraft:damage_dealt":1467,"minecraft:swim_one_cm":7814,"minecraft:fly_one_cm":27669,"minecraft:player_kills":3,"minecraft:crouch_one_cm":2341,"minecraft:play_time":87242,"minecraft:deaths":4,"minecraft:sneak_time":1576,"minecraft:walk_under_water_one_cm":10749,"minecraft:boat_one_cm":64903,"minecraft:jump":766,"minecraft:walk_on_water_one_cm":28118,"minecraft:total_world_time":87242,"minecraft:fall_one_cm":9169},"minecraft:crafted":{"minecraft:wooden_sword":1,"minecraft:oak_planks":4,"minecraft:crafting_table":4,"minecraft:jungle_boat":1,"minecraft:wooden_pickaxe":1,"minecraft:furnace":2,"minecraft:bone_meal":3,"minecraft:stone_axe":1,"minecraft:cooked_mutton":5,"minecraft:jungle_planks":28,"minecraft:flint_and_steel":1,"minecraft:iron_chestplate":1,"minecraft:shield":1,"minecraft:stick":44,"minecraft:iron_ingot":12,"minecraft:iron_pickaxe":1,"minecraft:stone_pickaxe":2,"minecraft:white_bed":1,"minecraft:acacia_planks":44,"minecraft:torch":56},"minecraft:picked_up":{"minecraft:charcoal":1,"minecraft:cocoa_beans":3,"minecraft:crafting_table":3,"minecraft:leather_chestplate":1,"minecraft:andesite":1,"minecraft:jungle_log":23,"minecraft:wooden_pickaxe":1,"minecraft:flint":3,"minecraft:tuff":62,"minecraft:oak_log":2,"minecraft:dirt":9,"minecraft:raw_copper":19,"minecraft:cooked_mutton":11,"minecraft:bone":1,"minecraft:acacia_planks":8,"minecraft:wheat_seeds":2,"minecraft:cobbled_deepslate":266,"minecraft:raw_gold":8,"minecraft:heart_of_the_sea":1,"minecraft:stone_pickaxe":1,"minecraft:iron_ingot":2,"minecraft:iron_pickaxe":1,"minecraft:bamboo":25,"minecraft:melon_slice":40,"minecraft:oak_planks":52,"minecraft:furnace":2,"minecraft:stick":20,"minecraft:raw_iron":16,"minecraft:pumpkin":1,"minecraft:torch":57,"minecraft:acacia_log":11,"minecraft:gravel":7,"minecraft:sand":1,"minecraft:jungle_planks":14,"minecraft:diorite":8,"minecraft:white_bed":1,"minecraft:redstone":19,"minecraft:stone_sword":1,"minecraft:rotten_flesh":4,"minecraft:diamond":4,"minecraft:stone_axe":1,"minecraft:granite":4,"minecraft:emerald":1,"minecraft:black_wool":1,"minecraft:obsidian":1,"minecraft:mutton":14,"minecraft:coal":19,"minecraft:white_wool":8,"minecraft:cobblestone":144,"minecraft:diamond_pickaxe":1},"minecraft:killed":{"minecraft:skeleton":1,"minecraft:sheep":8},"minecraft:broken":{"minecraft:stone_pickaxe":1},"minecraft:used":{"minecraft:cooked_mutton":7,"minecraft:diorite":8,"minecraft:stone_sword":13,"minecraft:flint_and_steel":5,"minecraft:stone_pickaxe":187,"minecraft:shield":4,"minecraft:wooden_pickaxe":44,"minecraft:jungle_boat":1,"minecraft:white_wool":2,"minecraft:torch":109,"minecraft:dirt":9,"minecraft:crafting_table":7,"minecraft:jungle_planks":1,"minecraft:white_bed":1,"minecraft:obsidian":1,"minecraft:diamond_pickaxe":336,"minecraft:melon_slice":16,"minecraft:iron_pickaxe":126,"minecraft:jungle_log":1,"minecraft:stone_axe":27,"minecraft:wooden_sword":7,"minecraft:cobblestone":12,"minecraft:furnace":3,"minecraft:cobbled_deepslate":104}},"DataVersion":3953}