{"stats":{"minecraft:killed":{"minecraft:armadillo":2,"minecraft:pig":5,"minecraft:skeleton":7,"minecraft:zombie":2,"minecraft:cow":9},"minecraft:picked_up":{"minecraft:fishing_rod":2,"minecraft:cocoa_beans":3,"minecraft:crafting_table":9,"minecraft:wheat":18,"minecraft:jungle_boat":5,"minecraft:clay_ball":29,"minecraft:andesite":4,"minecraft:jungle_log":10,"minecraft:leather":17,"minecraft:wooden_pickaxe":2,"minecraft:filled_map":2,"minecraft:flint":1,"minecraft:dirt":4,"minecraft:moss_carpet":1,"minecraft:bone":8,"minecraft:acacia_planks":28,"minecraft:bow":1,"minecraft:wheat_seeds":2,"minecraft:cobbled_deepslate":36,"minecraft:raw_gold":28,"minecraft:beef":18,"minecraft:stone_pickaxe":2,"minecraft:melon_slice":9,"minecraft:chest":2,"minecraft:sugar_cane":56,"minecraft:raw_iron":15,"minecraft:stick":16,"minecraft:sandstone":2,"minecraft:jungle_door":8,"minecraft:torch":4,"minecraft:gravel":14,"minecraft:porkchop":12,"minecraft:jungle_planks":20,"minecraft:sand":40,"minecraft:diorite":1,"minecraft:arrow":9,"minecraft:stone_shovel":2,"minecraft:rotten_flesh":4,"minecraft:diamond":15,"minecraft:stone_axe":2,"minecraft:emerald":1,"minecraft:glow_berries":3,"minecraft:coal":26,"minecraft:white_wool":1,"minecraft:cobblestone":79},"minecraft:killed_by":{"minecraft:drowned":2},"minecraft:mined":{"minecraft:jungle_door":3,"minecraft:deepslate_diamond_ore":15,"minecraft:jungle_leaves":2,"minecraft:torch":3,"minecraft:crafting_table":7,"minecraft:granite":1,"minecraft:short_grass":11,"minecraft:grass_block":1,"minecraft:melon":2,"minecraft:chest":1,"minecraft:jungle_log":10,"minecraft:cobblestone":2,"minecraft:tall_grass":3,"minecraft:deepslate_gold_ore":24,"minecraft:moss_block":1,"minecraft:sugar_cane":18,"minecraft:diorite":1,"minecraft:sandstone":2,"minecraft:wall_torch":1,"minecraft:cobbled_deepslate":9,"minecraft:iron_ore":11,"minecraft:suspicious_sand":2,"minecraft:andesite":2,"minecraft:deepslate_iron_ore":4,"minecraft:cave_vines":6,"minecraft:coal_ore":16,"minecraft:vine":4,"minecraft:dirt":3,"minecraft:gravel":12,"minecraft:sand":27,"minecraft:stone":49,"minecraft:gold_ore":4,"minecraft:deepslate":29,"minecraft:fern":4},"minecraft:custom":{"minecraft:interact_with_furnace":23,"minecraft:mob_kills":25,"minecraft:interact_with_crafting_table":22,"minecraft:leave_game":3,"minecraft:time_since_death":44042,"minecraft:climb_one_cm":1027,"minecraft:time_since_rest":44074,"minecraft:sprint_one_cm":135076,"minecraft:damage_taken":1207,"minecraft:walk_one_cm":94457,"minecraft:damage_blocked_by_shield":918,"minecraft:drop":48,"minecraft:damage_dealt":4021,"minecraft:swim_one_cm":69514,"minecraft:fly_one_cm":210407,"minecraft:player_kills":2,"minecraft:open_chest":5,"minecraft:crouch_one_cm":8730,"minecraft:play_time":58500,"minecraft:deaths":2,"minecraft:sneak_time":3837,"minecraft:walk_under_water_one_cm":8668,"minecraft:boat_one_cm":186796,"minecraft:jump":1220,"minecraft:walk_on_water_one_cm":11464,"minecraft:total_world_time":58500,"minecraft:fall_one_cm":32914},"minecraft:used":{"minecraft:moss_carpet":1,"minecraft:stone_shovel":30,"minecraft:shield":31,"minecraft:wooden_pickaxe":23,"minecraft:sandstone":2,"minecraft:iron_sword":81,"minecraft:rotten_flesh":2,"minecraft:cooked_salmon":7,"minecraft:jungle_boat":5,"minecraft:torch":13,"minecraft:glow_berries":3,"minecraft:dirt":4,"minecraft:sand":5,"minecraft:crafting_table":10,"minecraft:diamond_pickaxe":1,"minecraft:melon_slice":9,"minecraft:iron_pickaxe":154,"minecraft:gravel":5,"minecraft:fishing_rod":14,"minecraft:stone_axe":27,"minecraft:cobblestone":22,"minecraft:furnace":3,"minecraft:jungle_door":4,"minecraft:cooked_beef":1,"minecraft:acacia_planks":1,"minecraft:cobbled_deepslate":35},"minecraft:dropped":{"minecraft:gravel":1,"minecraft:iron_ingot":2,"minecraft:stone_axe":1,"minecraft:wheat_seeds":1,"minecraft:tnt":1,"minecraft:cocoa_beans":1,"minecraft:raw_iron":5,"minecraft:rotten_flesh":2,"minecraft:stone_shovel":1,"minecraft:prismarine_crystals":2,"minecraft:jungle_planks":2,"minecraft:cooked_mutton":1,"minecraft:coal":5,"minecraft:stick":20,"minecraft:emerald":1,"minecraft:filled_map":2,"minecraft:leather_chestplate":1,"minecraft:diorite":1,"minecraft:diamond_pickaxe":1,"minecraft:andesite":4,"minecraft:jungle_door":2,"minecraft:chest":1,"minecraft:heart_of_the_sea":1,"minecraft:stone_pickaxe":1,"minecraft:sand":17,"minecraft:wooden_pickaxe":1,"minecraft:iron_pickaxe":1,"minecraft:acacia_planks":7},"minecraft:crafted":{"minecraft:cooked_beef":12,"minecraft:stone_shovel":1,"minecraft:diamond_sword":1,"minecraft:cooked_porkchop":8,"minecraft:crafting_table":3,"minecraft:jungle_boat":1,"minecraft:wooden_pickaxe":1,"minecraft:iron_sword":1,"minecraft:furnace":3,"minecraft:bucket":1,"minecraft:stone_axe":1,"minecraft:cooked_mutton":1,"minecraft:air":0,"minecraft:jungle_planks":40,"minecraft:jungle_door":3,"minecraft:diamond_pickaxe":2,"minecraft:shield":1,"minecraft:stick":44,"minecraft:iron_ingot":12,"minecraft:iron_pickaxe":2,"minecraft:stone_pickaxe":1,"minecraft:torch":12,"minecraft:diamond_chestplate":1}},"DataVersion":3953}