{"stats":{"minecraft:killed":{"minecraft:witch":1,"minecraft:spider":8,"minecraft:skeleton":30,"minecraft:chicken":13,"minecraft:drowned":4,"minecraft:pig":19,"minecraft:zombie_villager":2,"minecraft:creeper":1,"minecraft:sheep":41,"minecraft:zombie":41,"minecraft:enderman":1,"minecraft:cow":5},"minecraft:picked_up":{"minecraft:crafting_table":12,"minecraft:chicken":17,"minecraft:wooden_pickaxe":2,"minecraft:enchanted_book":1,"minecraft:shield":3,"minecraft:amethyst_block":13,"minecraft:string":12,"minecraft:iron_axe":1,"minecraft:diamond_leggings":1,"minecraft:cobbled_deepslate":139,"minecraft:bucket":1,"minecraft:beef":7,"minecraft:oak_boat":6,"minecraft:cobblestone_slab":4,"minecraft:calcite":1,"minecraft:poppy":1,"minecraft:iron_pickaxe":1,"minecraft:light_gray_wool":1,"minecraft:sugar_cane":8,"minecraft:chest":1,"minecraft:birch_sapling":14,"minecraft:furnace":9,"minecraft:stick":27,"minecraft:raw_iron":63,"minecraft:oak_door":44,"minecraft:oak_fence":33,"minecraft:torch":47,"minecraft:porkchop":37,"minecraft:carrot":15,"minecraft:redstone":52,"minecraft:iron_horse_armor":1,"minecraft:diamond_chestplate":1,"minecraft:stone_sword":3,"minecraft:arrow":39,"minecraft:rotten_flesh":34,"minecraft:stone_shovel":2,"minecraft:hay_block":31,"minecraft:saddle":1,"minecraft:gold_ingot":10,"minecraft:mutton":66,"minecraft:cobblestone":819,"minecraft:white_wool":34,"minecraft:birch_log":81,"minecraft:feather":7,"minecraft:water_bucket":1,"minecraft:andesite":13,"minecraft:leather":3,"minecraft:smoker":2,"minecraft:potato":9,"minecraft:filled_map":2,"minecraft:flint":10,"minecraft:tuff":3,"minecraft:oak_log":35,"minecraft:yellow_bed":1,"minecraft:gunpowder":5,"minecraft:lapis_lazuli":126,"minecraft:dirt":242,"minecraft:cooked_mutton":1,"minecraft:bone":49,"minecraft:kelp":7,"minecraft:bow":3,"minecraft:wheat_seeds":60,"minecraft:raw_gold":46,"minecraft:iron_ingot":8,"minecraft:stone_pickaxe":4,"minecraft:birch_boat":2,"minecraft:pumpkin":12,"minecraft:dandelion":1,"minecraft:gravel":82,"minecraft:sugar":1,"minecraft:diamond":47,"minecraft:stone_axe":2,"minecraft:gray_wool":1,"minecraft:oak_sapling":23,"minecraft:black_wool":1,"minecraft:coal":153,"minecraft:diamond_pickaxe":1},"minecraft:killed_by":{"minecraft:zombie":1},"minecraft:mined":{"minecraft:large_amethyst_bud":1,"minecraft:diamond_ore":4,"minecraft:tuff":6,"minecraft:deepslate_diamond_ore":40,"minecraft:oak_door":35,"minecraft:budding_amethyst":2,"minecraft:grass_block":122,"minecraft:kelp":1,"minecraft:spawner":1,"minecraft:hay_block":32,"minecraft:tall_seagrass":1,"minecraft:furnace":7,"minecraft:carrots":19,"minecraft:iron_ore":19,"minecraft:cobbled_deepslate":4,"minecraft:andesite":9,"minecraft:pumpkin":12,"minecraft:deepslate_lapis_ore":14,"minecraft:cobblestone_slab":4,"minecraft:potatoes":9,"minecraft:deepslate_iron_ore":29,"minecraft:stone":802,"minecraft:deepslate_redstone_ore":5,"minecraft:kelp_plant":2,"minecraft:smoker":3,"minecraft:oak_fence":33,"minecraft:powder_snow":5,"minecraft:crafting_table":11,"minecraft:torch":6,"minecraft:short_grass":97,"minecraft:calcite":1,"minecraft:cobblestone":52,"minecraft:tall_grass":18,"minecraft:deepslate_gold_ore":27,"minecraft:sugar_cane":2,"minecraft:diorite":12,"minecraft:wall_torch":4,"minecraft:amethyst_block":13,"minecraft:seagrass":3,"minecraft:birch_log":81,"minecraft:wheat":45,"minecraft:birch_leaves":14,"minecraft:yellow_bed":1,"minecraft:coal_ore":131,"minecraft:oak_log":26,"minecraft:beetroots":4,"minecraft:oak_fence_gate":1,"minecraft:gravel":72,"minecraft:dirt":88,"minecraft:gold_ore":5,"minecraft:oak_leaves":20,"minecraft:deepslate":106,"minecraft:suspicious_gravel":3},"minecraft:custom":{"minecraft:mob_kills":170,"minecraft:open_barrel":2,"minecraft:interact_with_crafting_table":56,"minecraft:leave_game":7,"minecraft:time_since_death":173550,"minecraft:sprint_one_cm":459213,"minecraft:walk_one_cm":389988,"minecraft:damage_blocked_by_shield":5472,"minecraft:drop":86,"minecraft:talked_to_villager":2,"minecraft:play_time":217978,"minecraft:deaths":2,"minecraft:sneak_time":26114,"minecraft:walk_under_water_one_cm":82813,"minecraft:boat_one_cm":282982,"minecraft:jump":4668,"minecraft:walk_on_water_one_cm":41751,"minecraft:total_world_time":217978,"minecraft:interact_with_furnace":70,"minecraft:sleep_in_bed":1,"minecraft:time_since_rest":5499,"minecraft:damage_taken":3545,"minecraft:damage_dealt":24178,"minecraft:swim_one_cm":302165,"minecraft:player_kills":3,"minecraft:fly_one_cm":706085,"minecraft:open_chest":24,"minecraft:crouch_one_cm":97417,"minecraft:interact_with_smoker":23,"minecraft:fall_one_cm":114701,"minecraft:horse_one_cm":14262},"minecraft:used":{"minecraft:stone_sword":99,"minecraft:stone_shovel":21,"minecraft:diamond_hoe":32,"minecraft:chest":2,"minecraft:shield":109,"minecraft:rotten_flesh":30,"minecraft:cooked_chicken":7,"minecraft:oak_door":37,"minecraft:torch":75,"minecraft:dirt":47,"minecraft:tuff":3,"minecraft:lava_bucket":1,"minecraft:iron_axe":78,"minecraft:bow":2,"minecraft:furnace":7,"minecraft:cooked_beef":2,"minecraft:cobbled_deepslate":98,"minecraft:powder_snow_bucket":4,"minecraft:cooked_mutton":12,"minecraft:water_bucket":15,"minecraft:birch_planks":2,"minecraft:stone_pickaxe":125,"minecraft:birch_boat":2,"minecraft:wooden_pickaxe":3,"minecraft:cobblestone_slab":396,"minecraft:crafting_table":16,"minecraft:smoker":3,"minecraft:diamond_pickaxe":1130,"minecraft:diamond_shovel":264,"minecraft:bread":11,"minecraft:map":2,"minecraft:iron_pickaxe":52,"minecraft:gravel":9,"minecraft:stone_axe":123,"minecraft:diamond_sword":338,"minecraft:cobblestone":356,"minecraft:cooked_porkchop":11,"minecraft:andesite":6,"minecraft:bucket":22,"minecraft:yellow_bed":1,"minecraft:oak_boat":6},"minecraft:dropped":{"minecraft:water_bucket":1,"minecraft:porkchop":6,"minecraft:wheat_seeds":54,"minecraft:lapis_lazuli":27,"minecraft:oak_log":1,"minecraft:diamond":1,"minecraft:crafting_table":1,"minecraft:feather":1,"minecraft:cobblestone":1,"minecraft:iron_helmet":1,"minecraft:leather":2,"minecraft:iron_horse_armor":1,"minecraft:saddle":1,"minecraft:coal":7,"minecraft:stick":15,"minecraft:flint":5,"minecraft:emerald":1,"minecraft:dirt":14,"minecraft:gray_wool":1,"minecraft:torch":1,"minecraft:iron_axe":1,"minecraft:sugar":1,"minecraft:iron_pickaxe":1,"minecraft:string":11,"minecraft:birch_log":12,"minecraft:bucket":1,"minecraft:dandelion":1,"minecraft:oak_door":4,"minecraft:gravel":11,"minecraft:stone_axe":1,"minecraft:kelp":7,"minecraft:sugar_cane":4,"minecraft:stone_sword":2,"minecraft:wheat":2,"minecraft:birch_sapling":14,"minecraft:stone_shovel":1,"minecraft:raw_iron":18,"minecraft:rotten_flesh":9,"minecraft:light_gray_wool":1,"minecraft:iron_boots":1,"minecraft:cooked_mutton":6,"minecraft:carrot":15,"minecraft:filled_map":3,"minecraft:poppy":1,"minecraft:potato":32,"minecraft:cobblestone_slab":64,"minecraft:shield":4,"minecraft:gunpowder":8,"minecraft:andesite":3,"minecraft:oak_sapling":6,"minecraft:bow":1,"minecraft:stone_pickaxe":2,"minecraft:raw_gold":12,"minecraft:black_wool":1},"minecraft:crafted":{"minecraft:oak_door":9,"minecraft:oak_planks":76,"minecraft:cobblestone_slab":456,"minecraft:stone_shovel":1,"minecraft:diamond_hoe":1,"minecraft:birch_boat":1,"minecraft:cooked_chicken":7,"minecraft:furnace":4,"minecraft:diamond_shovel":1,"minecraft:cooked_mutton":17,"minecraft:diamond_helmet":1,"minecraft:diamond_leggings":1,"minecraft:iron_boots":1,"minecraft:iron_axe":1,"minecraft:stone_pickaxe":2,"minecraft:chest":1,"minecraft:diamond_boots":1,"minecraft:smoker":1,"minecraft:cooked_beef":2,"minecraft:diamond_sword":1,"minecraft:cooked_porkchop":11,"minecraft:crafting_table":7,"minecraft:wooden_pickaxe":2,"minecraft:iron_helmet":1,"minecraft:bucket":1,"minecraft:birch_planks":48,"minecraft:stone_axe":1,"minecraft:bread":5,"minecraft:air":0,"minecraft:oak_boat":2,"minecraft:diamond_pickaxe":2,"minecraft:shield":3,"minecraft:stick":52,"minecraft:iron_ingot":29,"minecraft:iron_pickaxe":1,"minecraft:stone_sword":1,"minecraft:gold_ingot":18,"minecraft:torch":84,"minecraft:diamond_chestplate":1}},"DataVersion":3953}