{"stats":{"minecraft:killed":{"minecraft:spider":1,"minecraft:sheep":8,"minecraft:skeleton":1,"minecraft:zombie":7,"minecraft:drowned":1},"minecraft:picked_up":{"minecraft:crafting_table":4,"minecraft:andesite":1,"minecraft:jungle_log":49,"minecraft:tuff":1,"minecraft:oak_log":5,"minecraft:string":1,"minecraft:dirt":13,"minecraft:moss_carpet":8,"minecraft:bone":2,"minecraft:wheat_seeds":1,"minecraft:cobbled_deepslate":33,"minecraft:raw_gold":39,"minecraft:iron_ingot":10,"minecraft:stone_pickaxe":1,"minecraft:oak_boat":1,"minecraft:moss_block":3,"minecraft:melon_slice":80,"minecraft:sugar_cane":1,"minecraft:furnace":3,"minecraft:stick":2,"minecraft:raw_iron":130,"minecraft:torch":82,"minecraft:jungle_planks":5,"minecraft:sand":9,"minecraft:redstone":67,"minecraft:arrow":1,"minecraft:tnt":1,"minecraft:stone_shovel":1,"minecraft:rotten_flesh":5,"minecraft:stone_axe":1,"minecraft:black_wool":1,"minecraft:glow_berries":8,"minecraft:mutton":13,"minecraft:coal":92,"minecraft:white_wool":7,"minecraft:cobblestone":87},"minecraft:mined":{"minecraft:deepslate_redstone_ore":9,"minecraft:tuff":1,"minecraft:medium_amethyst_bud":1,"minecraft:jungle_leaves":1,"minecraft:crafting_table":4,"minecraft:short_grass":5,"minecraft:calcite":3,"minecraft:grass_block":4,"minecraft:melon":15,"minecraft:jungle_planks":3,"minecraft:jungle_log":51,"minecraft:tall_grass":2,"minecraft:deepslate_gold_ore":26,"minecraft:moss_block":5,"minecraft:diorite":9,"minecraft:redstone_ore":6,"minecraft:furnace":3,"minecraft:iron_ore":60,"minecraft:moss_carpet":2,"minecraft:oak_log":5,"minecraft:coal_ore":34,"minecraft:deepslate_iron_ore":28,"minecraft:cave_vines":3,"minecraft:vine":7,"minecraft:dirt":9,"minecraft:sand":9,"minecraft:smooth_basalt":1,"minecraft:stone":97,"minecraft:gold_ore":13,"minecraft:oak_leaves":10,"minecraft:deepslate":27,"minecraft:fern":1},"minecraft:broken":{"minecraft:stone_pickaxe":1},"minecraft:custom":{"minecraft:interact_with_furnace":19,"minecraft:mob_kills":18,"minecraft:interact_with_crafting_table":17,"minecraft:leave_game":2,"minecraft:time_since_death":82842,"minecraft:climb_one_cm":8753,"minecraft:time_since_rest":82842,"minecraft:sprint_one_cm":128548,"minecraft:damage_taken":1129,"minecraft:walk_one_cm":106978,"minecraft:damage_blocked_by_shield":283,"minecraft:drop":79,"minecraft:damage_dealt":2664,"minecraft:swim_one_cm":18448,"minecraft:fly_one_cm":165764,"minecraft:crouch_one_cm":15841,"minecraft:play_time":82842,"minecraft:sneak_time":8021,"minecraft:walk_under_water_one_cm":6076,"minecraft:boat_one_cm":20213,"minecraft:jump":1381,"minecraft:walk_on_water_one_cm":10760,"minecraft:total_world_time":82842,"minecraft:fall_one_cm":39573},"minecraft:dropped":{"minecraft:moss_carpet":8,"minecraft:moss_block":3,"minecraft:wheat_seeds":1,"minecraft:oak_planks":1,"minecraft:torch":72,"minecraft:melon_slice":18,"minecraft:wooden_pickaxe":1},"minecraft:used":{"minecraft:cooked_mutton":2,"minecraft:water_bucket":9,"minecraft:stone_sword":37,"minecraft:stone_pickaxe":133,"minecraft:oak_planks":1,"minecraft:shield":7,"minecraft:wooden_pickaxe":24,"minecraft:rotten_flesh":2,"minecraft:torch":76,"minecraft:dirt":11,"minecraft:sand":9,"minecraft:crafting_table":3,"minecraft:jungle_planks":45,"minecraft:melon_slice":62,"minecraft:iron_pickaxe":178,"minecraft:stone_axe":100,"minecraft:cobblestone":71,"minecraft:furnace":3,"minecraft:bucket":10,"minecraft:oak_boat":1},"minecraft:crafted":{"minecraft:oak_planks":20,"minecraft:crafting_table":1,"minecraft:iron_helmet":1,"minecraft:wooden_pickaxe":1,"minecraft:furnace":1,"minecraft:bucket":1,"minecraft:stone_axe":1,"minecraft:cooked_mutton":3,"minecraft:air":0,"minecraft:jungle_planks":196,"minecraft:oak_boat":1,"minecraft:iron_boots":1,"minecraft:iron_chestplate":1,"minecraft:shield":1,"minecraft:stick":36,"minecraft:iron_ingot":18,"minecraft:iron_pickaxe":2,"minecraft:stone_pickaxe":1,"minecraft:stone_sword":1,"minecraft:torch":108}},"DataVersion":3953}