{"stats":{"minecraft:killed":{"minecraft:skeleton":1,"minecraft:pig":4},"minecraft:picked_up":{"minecraft:birch_log":36,"minecraft:stick":8,"minecraft:crafting_table":5,"minecraft:sand":2,"minecraft:porkchop":8,"minecraft:oak_log":73,"minecraft:dirt":7,"minecraft:stone_axe":2,"minecraft:wheat_seeds":1,"minecraft:stone_pickaxe":1,"minecraft:oak_sapling":7,"minecraft:oak_planks":49,"minecraft:coal":19,"minecraft:cobblestone":85},"minecraft:killed_by":{"minecraft:drowned":1},"minecraft:mined":{"minecraft:tall_seagrass":1,"minecraft:birch_log":14,"minecraft:birch_leaves":1,"minecraft:crafting_table":1,"minecraft:short_grass":5,"minecraft:grass_block":3,"minecraft:coal_ore":7,"minecraft:oak_log":31,"minecraft:dirt":1,"minecraft:sand":1,"minecraft:tall_grass":9,"minecraft:stone":39,"minecraft:oak_leaves":4},"minecraft:custom":{"minecraft:time_since_rest":152,"minecraft:interact_with_furnace":4,"minecraft:sprint_one_cm":49411,"minecraft:damage_taken":945,"minecraft:walk_one_cm":26006,"minecraft:mob_kills":5,"minecraft:damage_dealt":600,"minecraft:swim_one_cm":43704,"minecraft:interact_with_crafting_table":7,"minecraft:fly_one_cm":81472,"minecraft:crouch_one_cm":5534,"minecraft:play_time":25798,"minecraft:deaths":3,"minecraft:sneak_time":2038,"minecraft:walk_under_water_one_cm":15913,"minecraft:boat_one_cm":53054,"minecraft:jump":540,"minecraft:leave_game":4,"minecraft:time_since_death":120,"minecraft:walk_on_water_one_cm":15666,"minecraft:total_world_time":25798,"minecraft:fall_one_cm":16376},"minecraft:used":{"minecraft:oak_planks":3,"minecraft:stone_pickaxe":47,"minecraft:birch_boat":2,"minecraft:stone_axe":46,"minecraft:dirt":2,"minecraft:sand":1,"minecraft:cobblestone":15,"minecraft:crafting_table":4,"minecraft:furnace":1,"minecraft:cooked_porkchop":2},"minecraft:crafted":{"minecraft:oak_planks":40,"minecraft:cooked_porkchop":2,"minecraft:crafting_table":3,"minecraft:stick":12,"minecraft:birch_boat":2,"minecraft:stone_pickaxe":1,"minecraft:stone_sword":1,"minecraft:furnace":1,"minecraft:birch_planks":56,"minecraft:stone_axe":1,"minecraft:air":0}},"DataVersion":3953}